{
  "num_train_questions": 24629,
  "vocab_size": 2000,
  "max_length": 24,
  "num_unique_tokens_before_pruning": 5819,
  "num_tokens_total": 207225,
  "token_coverage": 0.9720062733743515,
  "length_stats": {
    "min": 3,
    "max": 45,
    "mean": 8.413861707742905,
    "p50": 8,
    "p90": 11,
    "p95": 13,
    "p99": 17
  },
  "top_50_tokens": [
    [
      "the",
      24690
    ],
    [
      "what",
      24637
    ],
    [
      "is",
      12156
    ],
    [
      "a",
      8889
    ],
    [
      "of",
      8741
    ],
    [
      "on",
      5758
    ],
    [
      "in",
      5471
    ],
    [
      "color",
      5018
    ],
    [
      "with",
      3703
    ],
    [
      "and",
      3137
    ],
    [
      "are",
      3068
    ],
    [
      "to",
      2564
    ],
    [
      "next",
      1565
    ],
    [
      "sitting",
      1462
    ],
    [
      "man",
      1364
    ],
    [
      "parked",
      1289
    ],
    [
      "at",
      1086
    ],
    [
      "down",
      944
    ],
    [
      "holding",
      943
    ],
    [
      "does",
      888
    ],
    [
      "sits",
      842
    ],
    [
      "by",
      827
    ],
    [
      "an",
      814
    ],
    [
      "street",
      784
    ],
    [
      "near",
      779
    ],
    [
      "riding",
      763
    ],
    [
      "field",
      762
    ],
    [
      "grass",
      755
    ],
    [
      "up",
      744
    ],
    [
      "standing",
      741
    ],
    [
      "table",
      727
    ],
    [
      "covered",
      683
    ],
    [
      "woman",
      672
    ],
    [
      "top",
      650
    ],
    [
      "filled",
      645
    ],
    [
      "people",
      634
    ],
    [
      "white",
      625
    ],
    [
      "side",
      622
    ],
    [
      "two",
      612
    ],
    [
      "water",
      558
    ],
    [
      "front",
      556
    ],
    [
      "it",
      555
    ],
    [
      "some",
      530
    ],
    [
      "other",
      498
    ],
    [
      "plate",
      492
    ],
    [
      "snow",
      482
    ],
    [
      "building",
      470
    ],
    [
      "flying",
      454
    ],
    [
      "flowers",
      429
    ],
    [
      "road",
      428
    ]
  ]
}