{
  "num_train_questions": 28616,
  "vocab_size": 2000,
  "max_length": 24,
  "num_unique_tokens_before_pruning": 6373,
  "num_tokens_total": 241384,
  "token_coverage": 0.9700642958936798,
  "length_stats": {
    "min": 3,
    "max": 45,
    "mean": 8.435280961699748,
    "p50": 8,
    "p90": 11,
    "p95": 13,
    "p99": 16
  },
  "top_50_tokens": [
    [
      "what",
      28628
    ],
    [
      "the",
      27434
    ],
    [
      "is",
      13686
    ],
    [
      "a",
      10396
    ],
    [
      "of",
      9421
    ],
    [
      "on",
      6788
    ],
    [
      "in",
      6312
    ],
    [
      "color",
      4960
    ],
    [
      "with",
      4693
    ],
    [
      "and",
      4083
    ],
    [
      "are",
      3440
    ],
    [
      "to",
      3001
    ],
    [
      "man",
      1844
    ],
    [
      "next",
      1772
    ],
    [
      "sitting",
      1750
    ],
    [
      "parked",
      1385
    ],
    [
      "at",
      1290
    ],
    [
      "does",
      1126
    ],
    [
      "holding",
      1124
    ],
    [
      "an",
      1039
    ],
    [
      "filled",
      1019
    ],
    [
      "down",
      1008
    ],
    [
      "sits",
      1008
    ],
    [
      "by",
      940
    ],
    [
      "table",
      927
    ],
    [
      "up",
      899
    ],
    [
      "near",
      879
    ],
    [
      "field",
      860
    ],
    [
      "top",
      838
    ],
    [
      "woman",
      837
    ],
    [
      "street",
      835
    ],
    [
      "riding",
      824
    ],
    [
      "standing",
      814
    ],
    [
      "two",
      795
    ],
    [
      "white",
      784
    ],
    [
      "grass",
      779
    ],
    [
      "people",
      772
    ],
    [
      "covered",
      732
    ],
    [
      "it",
      684
    ],
    [
      "water",
      657
    ],
    [
      "side",
      652
    ],
    [
      "front",
      615
    ],
    [
      "some",
      594
    ],
    [
      "building",
      592
    ],
    [
      "other",
      586
    ],
    [
      "flying",
      567
    ],
    [
      "plate",
      525
    ],
    [
      "snow",
      502
    ],
    [
      "person",
      480
    ],
    [
      "did",
      472
    ]
  ]
}