{
  "num_train_questions": 28616,
  "vocab_size": 2000,
  "max_length": 24,
  "num_unique_tokens_before_pruning": 6350,
  "num_tokens_total": 241321,
  "token_coverage": 0.9702056596815031,
  "length_stats": {
    "min": 3,
    "max": 45,
    "mean": 8.433079396142018,
    "p50": 8,
    "p90": 11,
    "p95": 13,
    "p99": 16
  },
  "top_50_tokens": [
    [
      "what",
      28628
    ],
    [
      "the",
      27528
    ],
    [
      "is",
      13759
    ],
    [
      "a",
      10395
    ],
    [
      "of",
      9477
    ],
    [
      "on",
      6744
    ],
    [
      "in",
      6300
    ],
    [
      "color",
      5025
    ],
    [
      "with",
      4694
    ],
    [
      "and",
      4100
    ],
    [
      "are",
      3394
    ],
    [
      "to",
      2989
    ],
    [
      "man",
      1850
    ],
    [
      "next",
      1767
    ],
    [
      "sitting",
      1732
    ],
    [
      "parked",
      1380
    ],
    [
      "at",
      1283
    ],
    [
      "does",
      1128
    ],
    [
      "holding",
      1120
    ],
    [
      "an",
      1029
    ],
    [
      "filled",
      1019
    ],
    [
      "down",
      1012
    ],
    [
      "sits",
      1006
    ],
    [
      "by",
      931
    ],
    [
      "table",
      920
    ],
    [
      "up",
      893
    ],
    [
      "near",
      888
    ],
    [
      "field",
      863
    ],
    [
      "woman",
      839
    ],
    [
      "street",
      835
    ],
    [
      "top",
      830
    ],
    [
      "riding",
      825
    ],
    [
      "standing",
      807
    ],
    [
      "two",
      792
    ],
    [
      "white",
      780
    ],
    [
      "grass",
      779
    ],
    [
      "people",
      772
    ],
    [
      "covered",
      728
    ],
    [
      "it",
      680
    ],
    [
      "side",
      648
    ],
    [
      "water",
      644
    ],
    [
      "front",
      607
    ],
    [
      "some",
      592
    ],
    [
      "building",
      587
    ],
    [
      "other",
      586
    ],
    [
      "flying",
      571
    ],
    [
      "plate",
      514
    ],
    [
      "snow",
      504
    ],
    [
      "person",
      475
    ],
    [
      "sky",
      469
    ]
  ]
}