{
  "num_train_questions": 31424,
  "vocab_size": 2000,
  "max_length": 24,
  "num_unique_tokens_before_pruning": 6548,
  "num_tokens_total": 273309,
  "token_coverage": 0.9707803255655686,
  "length_stats": {
    "min": 3,
    "max": 45,
    "mean": 8.697460539714868,
    "p50": 8,
    "p90": 12,
    "p95": 13,
    "p99": 17
  },
  "top_50_tokens": [
    [
      "the",
      29227
    ],
    [
      "what",
      28641
    ],
    [
      "is",
      14641
    ],
    [
      "a",
      12031
    ],
    [
      "of",
      9998
    ],
    [
      "in",
      7941
    ],
    [
      "on",
      7732
    ],
    [
      "color",
      4990
    ],
    [
      "with",
      4535
    ],
    [
      "are",
      4289
    ],
    [
      "and",
      3925
    ],
    [
      "to",
      3410
    ],
    [
      "many",
      2923
    ],
    [
      "how",
      2802
    ],
    [
      "next",
      2021
    ],
    [
      "parked",
      1794
    ],
    [
      "sitting",
      1747
    ],
    [
      "at",
      1667
    ],
    [
      "standing",
      1508
    ],
    [
      "man",
      1458
    ],
    [
      "field",
      1354
    ],
    [
      "down",
      1253
    ],
    [
      "grass",
      1215
    ],
    [
      "an",
      1200
    ],
    [
      "people",
      1190
    ],
    [
      "by",
      1151
    ],
    [
      "near",
      1145
    ],
    [
      "street",
      1117
    ],
    [
      "sits",
      1005
    ],
    [
      "water",
      960
    ],
    [
      "holding",
      950
    ],
    [
      "does",
      931
    ],
    [
      "flying",
      859
    ],
    [
      "up",
      833
    ],
    [
      "top",
      826
    ],
    [
      "table",
      776
    ],
    [
      "side",
      772
    ],
    [
      "other",
      756
    ],
    [
      "riding",
      755
    ],
    [
      "filled",
      754
    ],
    [
      "front",
      753
    ],
    [
      "some",
      744
    ],
    [
      "it",
      740
    ],
    [
      "woman",
      738
    ],
    [
      "walking",
      717
    ],
    [
      "white",
      698
    ],
    [
      "two",
      688
    ],
    [
      "through",
      664
    ],
    [
      "building",
      663
    ],
    [
      "covered",
      655
    ]
  ]
}