{
  "num_train_questions": 28288,
  "vocab_size": 2000,
  "max_length": 24,
  "num_unique_tokens_before_pruning": 6313,
  "num_tokens_total": 239178,
  "token_coverage": 0.9702021088896136,
  "length_stats": {
    "min": 3,
    "max": 45,
    "mean": 8.45510463800905,
    "p50": 8,
    "p90": 11,
    "p95": 13,
    "p99": 17
  },
  "top_50_tokens": [
    [
      "what",
      28299
    ],
    [
      "the",
      27224
    ],
    [
      "is",
      13544
    ],
    [
      "a",
      10345
    ],
    [
      "of",
      9505
    ],
    [
      "on",
      6492
    ],
    [
      "in",
      6184
    ],
    [
      "color",
      5021
    ],
    [
      "with",
      4794
    ],
    [
      "and",
      4205
    ],
    [
      "are",
      3347
    ],
    [
      "to",
      2943
    ],
    [
      "man",
      1807
    ],
    [
      "next",
      1759
    ],
    [
      "sitting",
      1607
    ],
    [
      "parked",
      1304
    ],
    [
      "at",
      1236
    ],
    [
      "holding",
      1163
    ],
    [
      "does",
      1116
    ],
    [
      "down",
      1042
    ],
    [
      "filled",
      1033
    ],
    [
      "an",
      970
    ],
    [
      "by",
      936
    ],
    [
      "sits",
      929
    ],
    [
      "up",
      883
    ],
    [
      "table",
      864
    ],
    [
      "street",
      840
    ],
    [
      "near",
      839
    ],
    [
      "woman",
      832
    ],
    [
      "riding",
      825
    ],
    [
      "standing",
      814
    ],
    [
      "field",
      812
    ],
    [
      "two",
      812
    ],
    [
      "grass",
      802
    ],
    [
      "white",
      781
    ],
    [
      "people",
      781
    ],
    [
      "covered",
      778
    ],
    [
      "top",
      768
    ],
    [
      "it",
      674
    ],
    [
      "side",
      668
    ],
    [
      "water",
      615
    ],
    [
      "front",
      614
    ],
    [
      "some",
      602
    ],
    [
      "other",
      585
    ],
    [
      "building",
      562
    ],
    [
      "plate",
      535
    ],
    [
      "snow",
      528
    ],
    [
      "person",
      490
    ],
    [
      "did",
      467
    ],
    [
      "flying",
      465
    ]
  ]
}